{
  "retrieval": {
    "recall@5": 0.7777777777777778,
    "mrr": 0.7777777777777778,
    "avg_top_score": 0.02278614776959229
  },
  "decisions": {
    "decision_accuracy": 0.8,
    "policy_accuracy": 0.6666666666666666,
    "avg_confidence": 0.2918695610653377,
    "escalation_rate": 1.0
  },
  "system": {
    "total_chunks": 341,
    "model": "BGE-large-en-v1.5 + gemini-2.5-flash",
    "architecture": "Hybrid (BM25 + Semantic + Reranking)"
  }
}