{
  "retrieval": {
    "recall@5": 0.7777777777777778,
    "mrr": 0.6481481481481481,
    "avg_top_score": 0.03413524105498153
  },
  "decisions": {
    "decision_accuracy": 0.8,
    "policy_accuracy": 0.5555555555555556,
    "avg_confidence": 0.3408979931487702,
    "escalation_rate": 1.0
  },
  "system": {
    "total_chunks": 341,
    "model": "BGE-large-en-v1.5 + gemini-2.5-flash",
    "architecture": "Hybrid (BM25 + Semantic + Reranking)"
  }
}